<?xml version="1.0" encoding="UTF-8"?>
<changelog xmlns="http://www.omnigroup.com/namespace/OmniPlan/v2">
  <version>2.1</version>
  <task-change-set user="苏彦彬" date="2020-08-13T04:03:50.334Z" timestamp="2020-08-13T04:03:50.334Z">
    <change idref="t2" to="t-1" to-position="1" resolved="yes">
      <change idref="t2" attribute="title" type="string" to="B"/>
    </change>
    <change idref="t3" to="t-1" to-position="2" resolved="yes">
      <change idref="t3" attribute="title" type="string" to="C"/>
    </change>
    <change idref="t4" to="t-1" to-position="3" resolved="yes">
      <change idref="t4" attribute="title" type="string" to="D"/>
    </change>
    <change idref="t5" to="t-1" to-position="4" resolved="yes">
      <change idref="t5" attribute="title" type="string" to="E"/>
    </change>
    <change idref="t6" to="t-1" to-position="5" resolved="yes">
      <change idref="t6" attribute="title" type="string" to="F"/>
    </change>
    <change idref="t7" to="t-1" to-position="6" resolved="yes">
      <change idref="t7" attribute="title" type="string" to="G"/>
    </change>
    <change idref="t8" to="t-1" to-position="7" resolved="yes">
      <change idref="t8" attribute="title" type="string" to="H"/>
    </change>
    <change idref="t9" to="t-1" to-position="8" resolved="yes">
      <change idref="t9" attribute="title" type="string" to="I"/>
    </change>
    <change idref="t10" to="t-1" to-position="9" resolved="yes">
      <change idref="t10" attribute="title" type="string" to="J"/>
    </change>
    <change idref="t11" to="t-1" to-position="10" resolved="yes">
      <change idref="t11" attribute="title" type="string" to="K"/>
    </change>
    <change idref="t12" to="t-1" to-position="11" resolved="yes">
      <change idref="t12" attribute="title" type="string" to="L"/>
    </change>
    <change idref="t1" attribute="title" type="string" from="Task 1" to="A" resolved="yes"/>
  </task-change-set>
  <task-change-set user="苏彦彬" date="2020-08-13T04:11:50.584Z" timestamp="2020-08-13T04:11:50.584Z">
    <change idref="t1" attribute="effort" type="real" from="28800" to="288000"/>
    <change idref="t1" attribute="noLaterThanConstraintDate" type="date" to="2020-07-23T09:00:00.000Z"/>
    <change idref="t1" attribute="noEarlierThanConstraintDate" type="date" to="2020-07-10T00:00:00.000Z"/>
    <change idref="t2" attribute="effort" type="real" from="28800" to="345600"/>
    <change idref="t2" attribute="noLaterThanConstraintDate" type="date" to="2020-07-27T09:00:00.000Z"/>
    <change idref="t2" attribute="noEarlierThanConstraintDate" type="date" to="2020-07-10T00:00:00.000Z"/>
    <change idref="t3" attribute="effort" type="real" from="28800" to="230400"/>
    <change idref="t3" attribute="noLaterThanConstraintDate" type="date" to="2020-07-21T09:00:00.000Z"/>
    <change idref="t3" attribute="noEarlierThanConstraintDate" type="date" to="2020-07-10T00:00:00.000Z"/>
    <change idref="t4" attribute="effort" type="real" from="28800" to="115200"/>
    <change idref="t4" attribute="noLaterThanConstraintDate" type="date" to="2020-07-29T09:00:00.000Z"/>
    <change idref="t4" attribute="noEarlierThanConstraintDate" type="date" to="2020-07-24T00:00:00.000Z"/>
    <change idref="t5" attribute="effort" type="real" from="28800" to="230400"/>
    <change idref="t5" attribute="noLaterThanConstraintDate" type="date" to="2020-08-04T09:00:00.000Z"/>
    <change idref="t5" attribute="noEarlierThanConstraintDate" type="date" to="2020-07-24T00:00:00.000Z"/>
    <change idref="t6" attribute="effort" type="real" from="28800" to="172800"/>
    <change idref="t6" attribute="noLaterThanConstraintDate" type="date" to="2020-08-06T09:00:00.000Z"/>
    <change idref="t6" attribute="noEarlierThanConstraintDate" type="date" to="2020-07-30T00:00:00.000Z"/>
    <change idref="t7" attribute="effort" type="real" from="28800" to="115200"/>
    <change idref="t7" attribute="noLaterThanConstraintDate" type="date" to="2020-08-12T09:00:00.000Z"/>
    <change idref="t7" attribute="noEarlierThanConstraintDate" type="date" to="2020-08-07T00:00:00.000Z"/>
    <change idref="t8" attribute="effort" type="real" from="28800" to="230400"/>
    <change idref="t8" attribute="noLaterThanConstraintDate" type="date" to="2020-08-18T09:00:00.000Z"/>
    <change idref="t8" attribute="noEarlierThanConstraintDate" type="date" to="2020-08-07T00:00:00.000Z"/>
    <change idref="t9" attribute="effort" type="real" from="28800" to="172800"/>
    <change idref="t9" attribute="noLaterThanConstraintDate" type="date" to="2020-08-20T09:00:00.000Z"/>
    <change idref="t9" attribute="noEarlierThanConstraintDate" type="date" to="2020-08-13T00:00:00.000Z"/>
    <change idref="t10" attribute="effort" type="real" from="28800" to="345600"/>
    <change idref="t10" attribute="noLaterThanConstraintDate" type="date" to="2020-08-28T09:00:00.000Z"/>
    <change idref="t10" attribute="noEarlierThanConstraintDate" type="date" to="2020-08-13T00:00:00.000Z"/>
    <change idref="t11" attribute="effort" type="real" from="28800" to="230400"/>
    <change idref="t11" attribute="noLaterThanConstraintDate" type="date" to="2020-09-01T09:00:00.000Z"/>
    <change idref="t11" attribute="noEarlierThanConstraintDate" type="date" to="2020-08-21T00:00:00.000Z"/>
    <change idref="t12" attribute="effort" type="real" from="28800" to="288000"/>
    <change idref="t12" attribute="noLaterThanConstraintDate" type="date" to="2020-08-15T09:00:00.000Z"/>
    <change idref="t12" attribute="noEarlierThanConstraintDate" type="date" to="2020-09-02T00:00:00.000Z"/>
  </task-change-set>
  <task-change-set user="苏彦彬" date="2020-08-13T04:41:24.040Z" timestamp="2020-08-13T04:41:24.040Z">
    <change idref="t4" attribute="internalPrerequisitesString" type="string" from="" to="1FS" resolved="yes"/>
    <change idref="t5" attribute="internalPrerequisitesString" type="string" from="" to="1FS" resolved="yes"/>
    <change idref="t6" attribute="internalPrerequisitesString" type="string" from="" to="2FS, 4FS" resolved="yes"/>
    <change idref="t7" attribute="internalPrerequisitesString" type="string" from="" to="3FS, 6FS" resolved="yes"/>
    <change idref="t8" attribute="internalPrerequisitesString" type="string" from="" to="3FS, 6FS" resolved="yes"/>
    <change idref="t9" attribute="internalPrerequisitesString" type="string" from="" to="5FS, 7FS" resolved="yes"/>
    <change idref="t10" attribute="internalPrerequisitesString" type="string" from="" to="5FS, 7FS" resolved="yes"/>
    <change idref="t11" attribute="internalPrerequisitesString" type="string" from="" to="8FS, 9FS" resolved="yes"/>
    <change idref="t12" attribute="noLaterThanConstraintDate" type="date" from="2020-08-15T09:00:00.000Z" to="2020-09-15T09:00:00.000Z" resolved="yes"/>
  </task-change-set>
  <task-change-set user="苏彦彬" date="2020-08-13T09:01:51.040Z" timestamp="2020-08-13T09:01:51.040Z">
    <change idref="t12" attribute="internalPrerequisitesString" type="string" from="" to="11FS" resolved="yes"/>
  </task-change-set>
  <task-change-set user="苏彦彬" date="2020-08-14T01:47:49.198Z" timestamp="2020-08-14T01:47:49.198Z">
    <change idref="t-1" attribute="criticalPathProperties" type="dict" from="{&#10;    color =     {&#10;        b = &quot;0.5&quot;;&#10;        g = &quot;0.5&quot;;&#10;        r = 1;&#10;        space = srgb;&#10;    };&#10;    enabled = 0;&#10;    root = &quot;-1&quot;;&#10;}" to="{&#10;    color =     {&#10;        b = 0;&#10;        g = &quot;0.149131&quot;;&#10;        r = 1;&#10;        space = srgb;&#10;    };&#10;    enabled = 0;&#10;    root = &quot;-1&quot;;&#10;}"/>
    <change idref="t1" attribute="styleDict" type="dict" to="{&#10;    &quot;gantt-fill-color&quot; =     {&#10;        b = &quot;0.287296&quot;;&#10;        g = &quot;0.25662&quot;;&#10;        r = &quot;0.987&quot;;&#10;        space = srgb;&#10;    };&#10;}"/>
    <change idref="t4" attribute="styleDict" type="dict" to="{&#10;    &quot;gantt-fill-color&quot; =     {&#10;        b = &quot;0.287296&quot;;&#10;        g = &quot;0.25662&quot;;&#10;        r = &quot;0.987&quot;;&#10;        space = srgb;&#10;    };&#10;}"/>
    <change idref="t6" attribute="styleDict" type="dict" to="{&#10;    &quot;gantt-fill-color&quot; =     {&#10;        b = &quot;0.287296&quot;;&#10;        g = &quot;0.25662&quot;;&#10;        r = &quot;0.987&quot;;&#10;        space = srgb;&#10;    };&#10;}"/>
    <change idref="t7" attribute="styleDict" type="dict" to="{&#10;    &quot;gantt-fill-color&quot; =     {&#10;        b = &quot;0.287296&quot;;&#10;        g = &quot;0.25662&quot;;&#10;        r = &quot;0.987&quot;;&#10;        space = srgb;&#10;    };&#10;}"/>
    <change idref="t9" attribute="styleDict" type="dict" to="{&#10;    &quot;gantt-fill-color&quot; =     {&#10;        b = &quot;0.287296&quot;;&#10;        g = &quot;0.25662&quot;;&#10;        r = &quot;0.987&quot;;&#10;        space = srgb;&#10;    };&#10;}"/>
    <change idref="t11" attribute="styleDict" type="dict" to="{&#10;    &quot;gantt-fill-color&quot; =     {&#10;        b = &quot;0.287296&quot;;&#10;        g = &quot;0.25662&quot;;&#10;        r = &quot;0.987&quot;;&#10;        space = srgb;&#10;    };&#10;}"/>
    <change idref="t12" attribute="styleDict" type="dict" to="{&#10;    &quot;gantt-fill-color&quot; =     {&#10;        b = &quot;0.287296&quot;;&#10;        g = &quot;0.25662&quot;;&#10;        r = &quot;0.987&quot;;&#10;        space = srgb;&#10;    };&#10;}"/>
  </task-change-set>
  <metadata-change-set user="苏彦彬" date="2020-08-13T04:03:50.333Z" timestamp="2020-08-13T04:03:50.333Z">
    <change idref="m1" attribute="fixedDate" type="date" from="2007-01-01T20:00:00.000Z" to="2020-08-13T00:00:00.000Z" resolved="yes"/>
    <change idref="m1" attribute="currencyName" type="string" to="¥1,234.56" resolved="yes"/>
  </metadata-change-set>
  <metadata-change-set user="苏彦彬" date="2020-08-13T04:11:50.584Z" timestamp="2020-08-13T04:11:50.584Z">
    <change idref="m1" attribute="scheduleGranularity" type="real" from="0" to="2"/>
    <change idref="m1" attribute="fixedDate" type="date" from="2020-08-13T00:00:00.000Z" to="2020-07-13T00:00:00.000Z"/>
    <change idref="m1" attribute="projectTitle" type="string" to="Homework06"/>
  </metadata-change-set>
  <metadata-change-set user="苏彦彬" date="2020-08-13T04:41:24.039Z" timestamp="2020-08-13T04:41:24.039Z">
    <change idref="m1" attribute="fixedDate" type="date" from="2020-07-13T00:00:00.000Z" to="2020-07-09T16:00:00.000Z" resolved="yes"/>
  </metadata-change-set>
</changelog>
