<?xml version="1.0" encoding="UTF-8"?>
<scenario xmlns="http://www.omnigroup.com/namespace/OmniPlan/v2" xmlns:opns="http://www.omnigroup.com/namespace/OmniPlan/v2" id="pL1R6K3TxHu">
  <start-date>2020-07-09T16:00:00.000Z</start-date>
  <granularity>days</granularity>
  <prototype-task>
    <task id="t-2">
      <title>Task 1</title>
      <effort>28800</effort>
    </task>
  </prototype-task>
  <prototype-task>
    <task id="t-3">
      <title>Milestone 1</title>
      <type>milestone</type>
    </task>
  </prototype-task>
  <prototype-task>
    <task id="t-4">
      <title>Group 1</title>
      <type>group</type>
    </task>
  </prototype-task>
  <prototype-resource>
    <resource id="r-2">
      <name>Resource 1</name>
      <type>Staff</type>
    </resource>
  </prototype-resource>
  <prototype-resource>
    <resource id="r-3">
      <name>Equipment 1</name>
      <type>Equipment</type>
    </resource>
  </prototype-resource>
  <prototype-resource>
    <resource id="r-4">
      <name>Material 1</name>
      <type>Material</type>
      <units-available>0</units-available>
      <efficiency>0</efficiency>
    </resource>
  </prototype-resource>
  <prototype-resource>
    <resource id="r-5">
      <name>Group 1</name>
      <type>Group</type>
    </resource>
  </prototype-resource>
  <top-resource idref="r-1"/>
  <resource id="r-1">
    <name/>
    <type>Group</type>
    <child-resource idref="r1"/>
  </resource>
  <resource id="r1">
    <name>Resource 1</name>
    <type>Staff</type>
  </resource>
  <top-task idref="t-1"/>
  <task id="t-1">
    <type>group</type>
    <child-task idref="t1"/>
    <child-task idref="t2"/>
    <child-task idref="t3"/>
    <child-task idref="t4"/>
    <child-task idref="t5"/>
    <child-task idref="t6"/>
    <child-task idref="t7"/>
    <child-task idref="t8"/>
    <child-task idref="t9"/>
    <child-task idref="t10"/>
    <child-task idref="t11"/>
    <child-task idref="t12"/>
  </task>
  <task id="t1">
    <title>A</title>
    <effort>288000</effort>
    <start-constraint-date>2020-07-10T00:00:00.000Z</start-constraint-date>
    <end-constraint-date>2020-07-23T09:00:00.000Z</end-constraint-date>
    <style>
      <value key="gantt-fill-color">
        <color space="srgb" r="0.987" g="0.25662" b="0.287296"/>
      </value>
    </style>
    <start-no-earlier-than>2020-07-10T00:00:00.000Z</start-no-earlier-than>
    <end-no-later-than>2020-07-23T09:00:00.000Z</end-no-later-than>
  </task>
  <task id="t2">
    <title>B</title>
    <effort>345600</effort>
    <start-constraint-date>2020-07-10T00:00:00.000Z</start-constraint-date>
    <end-constraint-date>2020-07-27T09:00:00.000Z</end-constraint-date>
    <start-no-earlier-than>2020-07-10T00:00:00.000Z</start-no-earlier-than>
    <end-no-later-than>2020-07-27T09:00:00.000Z</end-no-later-than>
  </task>
  <task id="t3">
    <title>C</title>
    <effort>230400</effort>
    <start-constraint-date>2020-07-10T00:00:00.000Z</start-constraint-date>
    <end-constraint-date>2020-07-21T09:00:00.000Z</end-constraint-date>
    <start-no-earlier-than>2020-07-10T00:00:00.000Z</start-no-earlier-than>
    <end-no-later-than>2020-07-21T09:00:00.000Z</end-no-later-than>
  </task>
  <task id="t4">
    <title>D</title>
    <effort>115200</effort>
    <start-constraint-date>2020-07-24T00:00:00.000Z</start-constraint-date>
    <end-constraint-date>2020-07-29T09:00:00.000Z</end-constraint-date>
    <style>
      <value key="gantt-fill-color">
        <color space="srgb" r="0.987" g="0.25662" b="0.287296"/>
      </value>
    </style>
    <prerequisite-task idref="t1"/>
    <start-no-earlier-than>2020-07-24T00:00:00.000Z</start-no-earlier-than>
    <end-no-later-than>2020-07-29T09:00:00.000Z</end-no-later-than>
  </task>
  <task id="t5">
    <title>E</title>
    <effort>230400</effort>
    <start-constraint-date>2020-07-24T00:00:00.000Z</start-constraint-date>
    <end-constraint-date>2020-08-04T09:00:00.000Z</end-constraint-date>
    <prerequisite-task idref="t1"/>
    <start-no-earlier-than>2020-07-24T00:00:00.000Z</start-no-earlier-than>
    <end-no-later-than>2020-08-04T09:00:00.000Z</end-no-later-than>
  </task>
  <task id="t6">
    <title>F</title>
    <effort>172800</effort>
    <start-constraint-date>2020-07-30T00:00:00.000Z</start-constraint-date>
    <end-constraint-date>2020-08-06T09:00:00.000Z</end-constraint-date>
    <style>
      <value key="gantt-fill-color">
        <color space="srgb" r="0.987" g="0.25662" b="0.287296"/>
      </value>
    </style>
    <prerequisite-task idref="t2"/>
    <prerequisite-task idref="t4"/>
    <start-no-earlier-than>2020-07-30T00:00:00.000Z</start-no-earlier-than>
    <end-no-later-than>2020-08-06T09:00:00.000Z</end-no-later-than>
  </task>
  <task id="t7">
    <title>G</title>
    <effort>115200</effort>
    <start-constraint-date>2020-08-07T00:00:00.000Z</start-constraint-date>
    <end-constraint-date>2020-08-12T09:00:00.000Z</end-constraint-date>
    <style>
      <value key="gantt-fill-color">
        <color space="srgb" r="0.987" g="0.25662" b="0.287296"/>
      </value>
    </style>
    <prerequisite-task idref="t3"/>
    <prerequisite-task idref="t6"/>
    <start-no-earlier-than>2020-08-07T00:00:00.000Z</start-no-earlier-than>
    <end-no-later-than>2020-08-12T09:00:00.000Z</end-no-later-than>
  </task>
  <task id="t8">
    <title>H</title>
    <effort>230400</effort>
    <start-constraint-date>2020-08-07T00:00:00.000Z</start-constraint-date>
    <end-constraint-date>2020-08-18T09:00:00.000Z</end-constraint-date>
    <prerequisite-task idref="t3"/>
    <prerequisite-task idref="t6"/>
    <start-no-earlier-than>2020-08-07T00:00:00.000Z</start-no-earlier-than>
    <end-no-later-than>2020-08-18T09:00:00.000Z</end-no-later-than>
  </task>
  <task id="t9">
    <title>I</title>
    <effort>172800</effort>
    <start-constraint-date>2020-08-13T00:00:00.000Z</start-constraint-date>
    <end-constraint-date>2020-08-20T09:00:00.000Z</end-constraint-date>
    <style>
      <value key="gantt-fill-color">
        <color space="srgb" r="0.987" g="0.25662" b="0.287296"/>
      </value>
    </style>
    <prerequisite-task idref="t5"/>
    <prerequisite-task idref="t7"/>
    <start-no-earlier-than>2020-08-13T00:00:00.000Z</start-no-earlier-than>
    <end-no-later-than>2020-08-20T09:00:00.000Z</end-no-later-than>
  </task>
  <task id="t10">
    <title>J</title>
    <effort>345600</effort>
    <start-constraint-date>2020-08-13T00:00:00.000Z</start-constraint-date>
    <end-constraint-date>2020-08-28T09:00:00.000Z</end-constraint-date>
    <prerequisite-task idref="t5"/>
    <prerequisite-task idref="t7"/>
    <start-no-earlier-than>2020-08-13T00:00:00.000Z</start-no-earlier-than>
    <end-no-later-than>2020-08-28T09:00:00.000Z</end-no-later-than>
  </task>
  <task id="t11">
    <title>K</title>
    <effort>230400</effort>
    <start-constraint-date>2020-08-21T00:00:00.000Z</start-constraint-date>
    <end-constraint-date>2020-09-01T09:00:00.000Z</end-constraint-date>
    <style>
      <value key="gantt-fill-color">
        <color space="srgb" r="0.987" g="0.25662" b="0.287296"/>
      </value>
    </style>
    <prerequisite-task idref="t8"/>
    <prerequisite-task idref="t9"/>
    <start-no-earlier-than>2020-08-21T00:00:00.000Z</start-no-earlier-than>
    <end-no-later-than>2020-09-01T09:00:00.000Z</end-no-later-than>
  </task>
  <task id="t12">
    <title>L</title>
    <effort>288000</effort>
    <start-constraint-date>2020-09-02T00:00:00.000Z</start-constraint-date>
    <end-constraint-date>2020-09-15T09:00:00.000Z</end-constraint-date>
    <style>
      <value key="gantt-fill-color">
        <color space="srgb" r="0.987" g="0.25662" b="0.287296"/>
      </value>
    </style>
    <prerequisite-task idref="t11"/>
    <start-no-earlier-than>2020-09-02T00:00:00.000Z</start-no-earlier-than>
    <end-no-later-than>2020-09-15T09:00:00.000Z</end-no-later-than>
  </task>
  <critical-path root="-1" enabled="false" resources="false">
    <color space="srgb" r="1" g="0.149131" b="0"/>
  </critical-path>
</scenario>
